barcode,product_name,brand,generic_ingredient_name,categories,ingredients_text,allergens,nutriscore_grade,energy_kcal_100g,fat_100g,saturated_fat_100g,carbohydrates_100g,sugars_100g,protein_100g,salt_100g,fiber_100g,nutrition_score
6111266962187,Lait de la ferme jaouda,Jaouda,milk,"Meals, Semi-skimmed milks",Lait frais pasteurisé demi écrémé à 15g/l de matière grasse,milk,b,45.0,1.5,1.0,4.9,0.0,3.1,0.225,,1.0
6111242101180,uht jaouda 1L,Jaouda,milk,"Cow milks, Whole milk UHT",Lait entier,milk,b,58.0,3.0,,4.8,0.0,3.0,0.0,,1.0
6111242100817,Le Lait demi écrémé,Jaouda,milk,"Semi-skimmed milks, UHT Milks, Cow milks","جودة حليب طبيعي نصف الدسم معقم يحتوي على 15 ال من المواد الدهنية المكونات حليب نصف الدسم حليب من مزرعة جودة حليب UHT جودة خالص لا يحتوي على مواد حافظة. يتم الإحتفاظ به 6 أشهر خارج الثلاجة لأنه : يخضع لمعالجة حرارية UHT (درجة حرارة جد مرتفعة) و التي تقضي على الكائنات المجهرية. يعبأ في علبة معقمة مكونة من 6 طبقات تحميه من كل تلوث خارجي. Le lait UHT Jaouda ne contient pas de conservateurs. Si le lait UHT se conserve à température ambiante pendagt 6 mois, c'est parce que: - 1l subit un traitement th",,b,45.0,1.5,1.0,4.9,0.0,3.1,0.0,,1.0
8420756010320,kéfir nature,Reina,milk,"Milks, Kefir","حليب, حليب نصف منزوع الدسم, قشطة الحليب, تخمير الكفير, الخمائر اللبنية, فيتامين B6, فيتامين B12",milk,b,48.0,1.5,1.0,4.7,4.7,3.4,0.13,,1.0
6111032000600,Salim,Salim,milk,Milks,gluten free,,unknown,58.0,3.0,2.0,4.8,,3.0,,,1.0
6111242101050,LBEN CARTON PASTEURISER,Jaouda,milk,"Milks, Plain fermented skimmed milk drink","Lait frais partiellement écrémé, ferments lactiques.matière grasse 14g/L",milk,b,45.0,1.3,0.9,4.8,0.0,3.2,0.0,,1.0
6111250470742,Lait U.H.T entier,Dost,milk,"UHT Milks, Whole milks, Cow milks",lait,milk,b,58.0,3.0,,4.8,0.0,3.0,0.0,,1.0
6111126003821,Lait Frais 15 jours,Chergui,milk,"Fresh milks, Pasteurised milks, Cow milks",lait entier pasteurisé,milk,b,57.2078065492704,2.90887151945442,1.61603973303024,4.75115681510889,4.75115681510889,3.00583390343624,0.0861887857616126,,1.0
6111242100206,Yaourt nature,Jaouda,yogurt,Plain yogurts,"lait frais entier, poudre de lait écrémé, amidon, ferment lactique sélectionné",milk,b,78.5,3.3,2.4,8.0,0.0,4.2,0.0,,1.0
6111242100305,jaouda Cremy,jaouda,yogurt,Yogurts,"Lait frais, sucre, poudre de lait écrémé, texturant : amidon, crème, arôme, ferments lactiques sélectionnés, matière grasse 3%",milk,a,109.0,3.0,0.4,16.9,2.0,3.6,0.0,,1.0
6111032001003,Assil vanille,Danone,yogurt,Yogurts,"ليوغور م.د,%2. مصنوع إخط قد يمكن أن يحتوي على الگلوتين، الجوز والبندق. 2.",,c,95.5,2.7,1.8,14.0,8.0,3.4,0.0,2.0,1.0
6111266963207,كيفير,Jaouda,yogurt,"Yogurts, Kefir","Lait frais partiellement écrémé, ferments du kéfir et ferments du yaourt et bifidobacterium",milk,b,53.6,2.5,1.8,4.8,0.0,3.0,0.0,,1.0
6111032006619,Jamila رايبي,Danone,yogurt,"Fruit yogurts, Yogurt drinks","Lait sans crème, sucre, crème, poudre de lait sans crème, protéines du lait, matière grasse laitiere, colorant naturel",milk,e,72.0,1.7,1.1,12.4,9.0,1.9,0.0,,1.0
6111032001010,DANONE ASSIL BANANE,Danone,yogurt,"Yogurts, produits-fermentés, produits-laitiers-fermentés","يوغورت عاقد - ا سکر. قشدة، زبدة، نكهة، خمائر حليبية لليوغورت. م. د: %1.80 مصنوع ف خط قد يمكن أن يحتوي على الكلوتين و الفستوه رقم الاعتماد الصحي 0NSSA ؛ 2.1,13 LPL الوزن الصافي : 10 لمكونات حليب بدون قشدة، مسحوق الحليب بدون قشدة تصنوع خط قد 4e ستطرال - دانون - طريق قنيطردره تارية الإفتاج - تاريخ ادتهاء انعز وع 6با علي لا عو ر ek TT10322 OO TO",,c,95.0,2.7,1.8,0.0,14.3,3.4,0.1,,1.0
6111242103702,Yaourt Grec Muesli,Jaouda,yogurt,"Sheep milk yogurts, Greek-style yogurts","Lait frais, crème, poudre lait, sucre, amidon, préparation de céréales et de fruits secs (amandes, noix, miel, raisins secs, blé, avoine, seigle), ferments lactiques, arômes Matière grasse: 7%",gluten milk nuts,c,140.0,7.0,4.0,16.1,9.0,3.3,0.0,,1.0
8424893600352,kéfir 500g,Reina,yogurt,"Yogurts, Kefir",اكتشـ عالم الكفير غني بالبروتين الوزن الصافي: 回 W: 12 500جم e الحليب المخمر الطبيعي المكونات: :العربية: حليب شبه منزوع الفيتامينات 812 العربية: يحتوي على الملايين من البروبيوتيك الطبيعي ويحتوي على 16 سلالة مختلفة من الثقافات الحية المختارة من خمائر الكفير والخمائر التركيبة الغذائية قيمة الطاقة الدسم قشدة المبستر ، تخمير دهون (جم) الكفير الخمائر اللبنية الخمائر، فيتامين B12 وفيتامين B6 بلد منشأ الحليب الاتحاد الأوروبي. بلد التحول إسبانيا 6 (كيلو) جول كيلو كالوري) منها مُشبعة (جم) كربوهيدرات (جم) ,,c,75.0,4.2,2.8,5.5,5.5,3.9,0.15,,1.0
3487400006745,Riz tomate à l’italienne,Ben's Original,rice,"Rice dishes, Rices","Riz long grain étuvé à la vapeur (78%), double concentré de purée de tomate (12%), fromage mascarpone (lait) (4,8%), huile de tournesol, oignons en poudre, sel, arôme naturel, ail en poudre, épice.",milk,c,181.818181818182,5.0,1.4,29.0,1.8,4.0,0.49,1.6,1.0
3760341070472,Taureau Ailé - Le Basmati du Penjab,Taureau Ailé,rice,White Basmati rices,Riz Basmati long grain,,b,353.0,0.8,0.2,78.0,0.2,8.1,0.01,0.9,1.0
3487400006721,Riz Basmati,Ben's Original,rice,"Basmati rices, Precooked rices","Riz basmati précuit à la vapeur (98%), huile de tournesol. 21",,b,141.818181818182,1.6,0.1,29.0,0.5,3.1,0.01,0.5,1.0
3564700444207,Riz complet,Marque Repère,rice,"Long grain rices, Brown rices, Parboiled rices",Riz long complet étuvé de qualité supérieure.,,b,360.0,2.6,0.5,75.0,0.5,7.7,0.0,2.9,1.0
3560070510771,Riz Complet,Carrefour,rice,"Long grain rices, Brown rices, fr:Riz long grain complet",Riz long grain complet étuvé de qualité supérieure.,,b,351.0,2.8,0.7,72.0,0.5,7.9,0.01,3.9,1.0
3760341070540,Le Thaï du Plateau de l'i-san pure origine,Taureau Ailé,rice,Jasmine rice,Riz thaï long grain.,,b,353.0,0.8,0.2,78.0,0.2,8.1,0.01,0.9,1.0
4056489095736,Bio Basmati Reis,Golden Sun,rice,White Basmati rices,Reis,,b,358.0,1.1,0.3,78.0,0.5,8.6,0.01,1.0,1.0
8410184040747,Sabroz arroz integral,Sabroz,rice,"Brown rices, Short grain rices, Precooked rices","Arroz integral cocido 98% (agua, arroz integral), aceite de girasol, sal, emulgente (lecitina de girasol).",,b,131.2,2.2,0.4,31.0,0.5,3.8,0.295,2.8,1.0
3760049790214,Pain De Mie Bio,La Boulangère,bread,"Packaged breads, Wholemeal sliced breads","wheat flour* 44%, water, whole wheat flour* 13%, brown cane sugar*, yeast, rapeseed oil*, apple cider vinegar*, wheat bran*, salt, wheat gluten*, ascorbic acid, possible traces of soy",gluten,c,268.0,4.2,0.4,47.0,6.3,8.1,1.1,4.9,1.0
3760049798609,Pain de mie grandes tranches Seigle & Graines 500g,la Boulangère,bread,Sliced breads,"Farine de BLÉ* 41 % , eau, graines de lin brun 6,1 %, graines de lin jaune 6,1 %, graines de tournesol décortiquées 6 %, farine de SEIGLE 5,1 %, GLUTEN DE BLÉ, farine d'ORGE maltée torréfiée, levure, extrait de malt d'ORGE, sel, vinaigre, arôme naturel (contient alcool), conservateur : propionate de calcium, jus d'acérola déshydraté. Traces éventuelles d'œufs, lait, graines de sésame, soja et moutarde. * Ingrédient issu du commerce équitable français.",gluten,a,294.117647058823,9.6,1.0,37.0,4.2,12.0,0.96,7.2,1.0
3228857002344,Pain de mie american sandwich complet sans sucres ajoutés 600g,Harrys,bread,"Frozen breads, Wholemeal sliced breads","Farine complète de BLÉ 39,3%, eau, farine de BLÉ 26,7%, huile de colza, fibre de chicorée, arôme (contient alcool), sel, vinaigre, farine de SEIGLE maltée, levure, gluten de BLÉ, levure désactivée, extrait d'acérola. Peut contenir des traces d'OEUFS, SOJA, LAIT, FRUITS À COQUE et GRAINES DE SÉSAME.",gluten,b,280.0,6.8,0.5,43.0,3.6,7.7,1.1,8.1,1.0
7311070032611,KRISPROLLS Complets,KRISPROLLS,bread,"Rusks, Toasted bread rolls, fr:Petit pain grillé suédois sans sucre, fr:Petit-pain-suedois-sans-sucre","Farine de blé complet* (62%), farine de blé*, huile de colza*, huile de colza totalement hydrogénée, malt d'orge, levure, sel.",gluten,a,400.0,6.6,0.9,68.0,1.1,13.0,1.1,8.3,1.0
3029330022428,14 Maxi Tranches complet sans sucres ajoutés,Jacquet,bread,Wholemeal sliced breads,"Farine complète de blé (63%), eau, farine de blé (2,2%), huile de colga, Levure, arôme naturel (contient alcool), sel, farine de maïs fermentée, gluten de blé, jus d'acérola en poudre. Contient des sucres naturellement présents. Une recette sans huile de palme pour des pains de mie moelleux. Con vient à un régime végétalien. pour 1 portion %AR* pour (1 tranche ÉTIQUETAGE NUTRITIONNEL 100 g par =39,3g) portion 410 97 f Valeur 1020 kJ énergétique",gluten,a,264.0,5.2,0.4,42.0,2.9,8.5,1.1,7.5,1.0
3760049794298,Pain de mie Bio grandes tranches céréales & graines 500g,La Boulangère Bio,cereal,"Multigrain sliced breads, Packaged breads","Farine de BLE*/** 51%, eau, levain de BLE */** et de SEIGLE * 9,6%, huile de tournesol*/** 4,4%, sucre de canne roux*, levure, graines de tournesol décortiquées* 3,3%, graines de lin brun* 2,7%, flocons de BLE* 2,7%, farine de SEIGLE* 1,6%, graines de millet décortiquées* 1,6%, gluten de BLE*, sel, arôme naturel* (contient alcool*), farine d'ORGE maltée torréfiée* 0,2%. Traces éventuelles de soja, moutarde et graines de sésame. * Ingrédients issus de l'Agriculture Biologique. ** Ingrédients issu",gluten,c,303.0,8.3,0.8,46.0,5.1,8.6,1.1,5.1,1.0
7300400481595,AUTHENTIQUE,wasa,bread,"Breakfasts, Crisps, Rusks, Crispbreads, fr:Pain croquant","Farine complète de SEIGLE (77 g*), farine de SEIGLE (28 g*), levure, sel. Peut contenir des traces de LUPIN, LAIT, MOUTARDE, GRAINES DE SÉSAME et SOJA. *en g pour 100 g de produit.",gluten,a,336.0,1.5,0.4,62.0,1.0,9.0,1.0,19.0,1.0
7300400481588,Fibres,wasa,bread,"Crisps, Crispbreads (wholemeal), Extruded and grilled crispbread","Farine complète de SEIGLE 59 g*, son de BLÉ 27 g*, flocons d'AVOINE 12 g*, GRAINES DE SÉSAME 7,0 g*, germe de BLÉ, sel. *en g pour 100 g de produit fini. Peut contenir des traces de LUPIN, LAIT, MOUTARDE et SOJA.",gluten sesame seeds,a,333.0,5.0,1.0,47.0,2.0,12.0,1.2,26.0,1.0
6111184004730,Ketchup star 310 g,Star,ketchup star 310 g,"Ketchup, Groceries",نشا: مشخن المائدة، خل الطماطلخ مركز سكر، ماء، المکونات: وتوابل.حافظة (E202.E211) ملح،مواد معدل,,c,108.0,0.08,,25.7,22.36,1.12,0.00555,,0.8
8445290615350,sauce tomate cuisinée,Solis,tomato sauce,"Tomato sauces, Salsas de tomate frito, salsas-de-tomate-frito","Tomato, tomato concentrate, water, non-hydrogenated sunflower oil, sugar, modified corn starch, salt, natural onion flavor, onion, garlic, white pepper",,c,68.0,0.4,,7.6,4.4,1.6,1.0,2.0,1.0
8715700407760,Tomato Ketchup BIO,Heinz,tomato ketchup bio,Ketchup,"Tomates (180 g pour 100 g de Ketchup), sucre, vinaigre, sel, épices (contient céleri), poudre d'oignon, poudre d'ail,",celery,d,112.0,0.1,0.1,25.3,24.8,1.4,1.7,,0.6000000000000001
6111251753912,611251753912,sos,tomato sauce,Tomato sauces,"PROTEGE Tetra Pak CE QUI EST BON olla المكونات : لب طماطم (160غ لإنتاج 100غ من المنتج) ، زيت عباد الشمس، سكر ، نشا الذرة معدل، ملح، نكهة الخضر. 7% من مواد جافة 

Ingrédients: Purée de tomate (160 g pour produire 100 g de produit), huile de tournesol, sucre, amidon de mais modifié, sel, arôme de légumes. 7% de matières sèches. 

Ingredientes: Puré de tomate (160 g para elaborar 100 g de producto), aceite de girasol, azúcar, almidón modificado de maíz, sal, aroma de verduras. 7% de materia seca. V",,c,73.0,3.3,0.4,8.7,2.3,1.3,0.83,1.4,1.0
6111251753899,Olla,Olla,tomato sauce,Tomato sauces,"Puré de tomate, aceite de girasol, azúcar, almidón modificado de maiz, sal, aroma de verduras.",,c,73.0,3.3,0.3,8.7,2.3,1.3,2.25,1.3,0.8
87157215,Tomato Ketchup,Heinz,tomato ketchup,Tomato Ketchup,"Tomates, vinaigre, sucre, sel, extraits d'épices et d'herbes, céleri, épice.",celery,d,102.0,0.1,,23.2,22.8,1.2,1.8,,0.6000000000000001
8076809513722,Basilico,Barilla,tomato sauce,"Cooking Sauces, Tomato sauces with basil","Pulpe de tomates 72%, concentré de tomates 14%, oignons, huile de tournesol, basilic 2%, sucre, sel, arôme naturel.",,a,64.0,2.6,0.3,7.6,5.9,1.6,0.9,1.9,1.0
8715700423913,Tomato ketchup,Heinz,tomato ketchup,Tomato Ketchup,"Tomates (174 g pour 100 g de Tomato Ketchup), vinaigre d'alcool, sucre, sel, extraits d'épices et d'herbes (céleri), édulcorant (glycosides de stéviol), épice.",celery,c,64.0,0.1,,12.0,11.0,1.4,0.9,,1.0
3017624010701,Nutella,Ferrero,nutella,"Cocoa and hazelnuts spreads, de:Other","sugar, palm oil, hazelnuts, skimmed milk powder, fat reduced cocoa, emulsifier, vanillin.",nuts,e,539.0,30.9,10.6,57.5,56.3,6.3,0.1075,,0.6000000000000001
5000159484695,Twix glacé,Twix,twix glace,"ice creams, Frozen bars","Sucre, sirop de glucose, _lait_ écrémé, crème légère (_lait_), eau, beurre de cacao, matière grasse de noix de coco, _lait_ écrémé concentré sucré, pâte de cacao, farine de _blé_, matière grasse de palme, _lait_ écrémé en poudre, _lactose_, matière grasse du _lait_, huile de palmiste, petit-_lait_ en poudre, cacao maigre, beurre (_lait_), émulsifiants (lécithine de _soja_, E471, tristéarate de sorbitane), _lait_ entier en poudre, stabilisants (E407, E410, E412), arômes naturels (_lait_), sel, co",gluten milk soybeans,e,280.742459396752,14.6171693735499,9.04872389791183,34.8027842227378,25.5220417633411,2.78422273781903,0.255220417633411,,0.6000000000000001
8000500310427,Biscuits NUTELLA Biscuits Noisettes et Cacao x22 - 304g,Nutella biscuits,biscuits nutella biscuits noisettes et cacao x22 - 304g,"Biscuits/Cookies (Shelf Stable), fr:Biscoitos recheados","Pâte à tartiner aux NOISETTES et au cacao 40% (sucre, huile de palme, NOISETTES 13%**, LAIT écrémé en poudre 8,7%**, cacao maigre 7,4%**, émulsifiants : lécithines [SOJA]; vanilline), farine de FROMENT 32,5%, graisses végétales (palme, palmiste), sucre de canne (contient BLE) 8,5%, LACTOSE, son de BLE, LAIT en poudre, miel, poudres à lever (diphosphate disodique, carbonate acide de sodium, carbonate acide d'ammonium), farine d'ORGE malté, cacao maigre en poudre, sel, extrait en poudre de malt d'",gluten milk nuts soybeans,e,515.0,24.8,11.5,64.0,35.8,7.9,0.559,,0.6000000000000001
7622210449283,Prince Goût Chocolat au blé complet,Mondelez,prince gout chocolat au ble complet,"Breakfasts, Sandwich biscuits","Céréale 50 % (Farine de blé 34,8 %, farine de blé complet 15,2 %), sucre, huiles végétales (palme, colza), cacao maigre en poudre 4,5 %, sirop de glucose, amidon de blé, poudres à lever (carbonates d'ammonium, carbonates de sodium), émulsifiant (lécithines de soja), sel, lait écrémé en poudre, perméat de lactosérum (de lait), arômes. Peut contenir œuf.",eggs gluten milk soybeans,e,467.0,17.0,5.6,69.0,32.0,6.3,0.49,4.0,0.7000000000000001
5449000000996,Original Taste,Coca-Cola,original taste,"Colas, pt:bebidas cafeína","carbonated water, sugar, colour (caramel e150d), acid (phosphoric acid), natural flavourings, caffeine flavouring,",,e,42.0,0.0,,10.6,10.6,,0.0,,1.0
3017620422003,Nutella,Nutella,nutella,"Confectionary based spreads, Petit-déjeuners, Produits à tartiner, Produits à tartiner sucrés, Pâtes à tartiner","Sucre, huile de palme, NOISETTES 13%, cacao maigre 7,4%, LAIT écrémé en poudre 6,6%, LACTOSERUM en poudre, émulsifiants: lécithines [SOJA), vanilline. Sans gluten.",milk nuts soybeans,e,539.0,30.9,10.6,57.5,56.3,6.3,0.107,,0.6000000000000001
3240931548111,Gnocchi à poêler,Lustucru,pasta,"Fresh pasta, Gnocchi of durum wheat semolina, Potato gnocchi, Cooked gnocchis","Purée (eau, pommes de terre déshydratées, épice : curcuma), semoule de BLE, huile de colza et/ou tournesol, sel, farine de BLE. Peut contenir des traces de lait, œufs, soja, moutarde, et gluten provenant d'autres céréales. Conditionné sous atmosphère protectrice.",gluten,c,190.0,2.7,0.3,35.0,1.5,5.0,1.1,2.6,1.0
3240931548135,Lustucru gnocchi a poêler format xxl 720g,Lustucru,lustucru gnocchi a poeler format xxl 720g,"Frozen foods, Gnocchi of durum wheat semolina, Potato gnocchi","Purée (eau, pommes de terre déshydratées, épice : curcuma), semoule de BLE, huile de colza et/ou tournesol, sel, farine de BLE. Peut contenir des traces de lait, œufs, soja, moutarde, et gluten provenant d'autres céréales. Conditionné sous atmosphère protectrice.",gluten,c,184.034416826004,2.7,0.3,35.0,1.5,5.0,1.1,2.6,1.0
8076800195057,Spaghetti N° 5,Barilla,pasta,"Dry durum wheat pasta, Durum wheat spaghetti",DURUM WHEAT SEMOLINA PASTA. May contain traces of soy and mustard.,gluten,a,359.0,2.0,0.5,71.0,3.5,13.0,0.01,3.0,1.0
3240931548128,Lustucru gnocchi a poêler 520g,Lustucru,pasta,"Fresh pasta, Gnocchi of durum wheat semolina, Potato gnocchi","Purée (eau, pommes de terre déshydratées, épice: curcuma), semoule de blé, huile de colza et/ou tournesol, sel, farine de blé",gluten,c,190.0,2.7,0.3,35.0,1.5,5.0,1.1,2.6,1.0
8076809529433,Whole Wheat Penne Rigate,Barilla,pasta,"Dried wholemeal pasta, Durum wheat penne, Durum wheat spaghetti, Penne rigate, Whole durum wheat pasta","Fuldkorns _durumhvede_, Vand",gluten,a,347.0,2.5,0.5,64.0,3.5,13.0,0.01,8.0,1.0
8852018101024,Nouille instantanées goût poulet,yum yum,cereal,"Cereals and their products, Dehydrated soups, Instant noodle soups","Farine de BLE, huile de palme (huile de palme, antioxydant E319), fécule de tapioca, soupe (arôme, exhausteurs de gout E635, extrait de levure), sel, correcteurs d'acidité (E500, E452, E451), épaississant (E466). Condiments : sel, huile de palme (huile de palme, antioxydant E306), légumes (ail et oignon blanc), arôme de poulet, exhausteurs de gout (E621, E635), sucre, épices, épaississant (E415), acidifiant (E296), colorant (e150c)",gluten,c,,,,,,,,,1.0
8076802085738,Penne Rigate No. 73 Durum Wheat Semolina Pasta,Barilla,pasta,"Dry durum wheat pasta, Penne rigate","_Hartweizengrieß_, Wasser.",gluten,a,359.0,2.0,0.5,71.0,3.5,13.0,0.01,3.0,1.0
8076800376999,Lasagne all'uovo,Barilla,pasta,"Durum wheat pasta, Dry egg pastas, Lasagna sheets, fr:Lasagnes à garnir aux œufs","Semola di grano duro, uova fresche di categoria A (19.36%).",eggs gluten,a,368.0,4.0,1.0,68.0,3.0,14.0,0.08,3.0,1.0
6111246721261,Fromage Blanc Nature,Milky Food Professional,cheese,"Cheeses, fr:Fromages blancs natures","Lait de vache pasteurisé, Protéines de lait de vache, Crème de lait de vache, Ferment lactique, Amidon, Epaississant, Sorbate de potassium",milk,c,159.0,11.0,7.15,10.0,4.0,5.0,0.1,,0.8
6111242106949,Jben,Jaouda,cheese,"Cheese spreads, Fromage frais nature à 21%de matière grasse","lait frais entier, crème, stabilisants, amidon, carraghénane, sel, ferments lactiques
matière grasse 21%",milk,d,235.0,21.0,15.0,3.5,0.0,8.0,0.46,,0.8
6111246721278,Cream cheese,Original,cheese,Cream cheeses,"Lait de Vache pasteurisé, Crème fraiche pasteurisée
ferments lactiques, Présure,Sel.",milk,a,257.0,18.0,,3.1,0.0,10.0,0.0,,1.0
6111203006653,Cheddar,la Hollandaise,cheese,Cheddar slices,"(AJR 30%) ¿S-250 (AJR 100%) ¿S 10 (AJR 30%) ¿L 3,5 (AJR 30%) ¿S 300 فيتامين A فيتامين D فيتامين E كالسيوم جبنة مذوبة للدهن 50% مواد دسمة في المادة الجافة. الوزن الصافي : - المكونات حليب خالي من الدسم مشكل شيدر %25، زبدة، أملاح مستحلبة (E452 E341 E450) بروتينات الحليب قلح، مادة حافظة: سوربات البوتاسيوم، الكالسيوم، فيتامين ED،A أنتج بالمغرب من م.ص. عين الـ يحفظ في مكا تاريخ الاستخـ Agrément sanitaire MA LPL.5.11.13 111203 006653 LOONEY TUNES TH www.LOONEYTUNES.COM TH&War Bros Certamente 615) // AJ",milk,d,270.0,21.0,12.0,6.0,6.0,9.0,1.5,,0.6000000000000001
6111259092495,Goldium crémeux,,cheese,"Fermented dairy desserts, Cheese spreads","Fromage blanc, protéine de lait, crème fraîche, lait écrémé, ferment lactique, présure Halal, goût, huile végétale, conservateur",milk,d,225.0,24.0,14.0,3.0,3.0,5.0,0.32,0.1,0.8
6111246722107,Frommage fondu,REWE Beste Wahl,cheese,"Cheeses, Processed cheeses, fr:121314, fr:Aliments-laitiers","Lait de Vache pasteurisé, Crème fraiche pasteurisée, ferments lactiques, Présure, Sel",milk,d,298.0,26.0,16.5,9.0,4.0,7.0,1.2,,0.8
6111206000733,Jebli,Danone,cheese,"Cheese spreads, Cream cheeses","جبن أبيض، قشدة ماء، بروتينات الحليب ملح، مخثرات )نشا، أغار، علكة الزتان(، مادة حافظة )سوربات البوتاسيوم(، نكهة, يحفظ في البرودة بين 4 و 6° 19 % من المواد الدسمة,",milk,d,225.0,19.0,13.0,6.9,0.0,6.5,0.76,,0.8
3480341000674,Carré Frais 0% - Nature,Elle & Vire,cheese,"Cream cheeses, Fromages-à-la-crème, Produits-fermentés, Produits-laitiers-fermentés","Lait écrémé, sel, ferments lactiques.",milk,b,84.0,0.3,0.2,4.5,2.9,16.0,1.3,,1.0
6111242100930,رايبي جودة,Jaouda,yogurt,"Dairy drinks, Yogurts, fr:Yaourt à boire de grenadine",lait frais partiellement écrémé'sucre'colorant:amidon ' arôme 'correcteur d'acidité :acide citrique'ferments lactiques sélectionnés' matière grasse:1'3%,,e,75.3,1.38,0.8,13.58,13.5,2.48,0.0,,1.0
5411188103387,Vanille au soja,alpro,yogurt,"Non-dairy yogurts, Vanilla yogurt, Plantaardige-yoghurt, Plantaardige-yoghurt-met-smaak, Plantaardige-zuivel-alternatieven, Vegan-en-plantaardig, Vegetarisch","Jus de soja (90,9%), sucre, stabilisant (pectines), correcteurs d'acidité (acide citrique, citrates de sodium), calcium, concentré de carotte, sel marin de table, arômes, arôme naturel de vanille, vanille en poudre (0,03%), antioxydants (extrait riche en tocopherols, esters d'acides gras de l'acide ascorbique), vitamines B2, B12, D2, ferments de yaourt (S. thermophilus, L. bulgaricus).",soybeans,b,65.0,2.2,0.4,7.5,7.5,3.7,0.2,0.9,1.0
6111242102002,غلال القمح,Jaouda,yogurt,Stirred yogurts,"Ingré&lents : lait entier enrichi en crème, sucre, poudre de lait écrémé, texturant : amidon, préparation de céréales, fibres, arômes, ferments ladiques et colorant naturel. Matière grasse : 3,4 % Poids net : 110 g",milk,c,106.0,3.0,2.2,16.0,7.5,3.5,0.0,1.1,1.0
6111032008453,danino,Danone,yogurt,"Strawberry yogurts, Yogurt with fruits and sugar",Danino,,c,132.2,6.3,4.3,12.3,8.6,6.5,0.07,,1.0
6111242102781,Tendre nature,Tendre,yogurt,Yogurts,"Lait frais, crème, sucre, poudre de lait écrémé, ferments lactiques,",milk,c,119.0,5.0,4.2,14.3,9.0,4.2,0.0,,1.0
6111266962446,delicemo,,yogurt,Yogurts,"Lait frais entier, crème, préparation aux morceaux de chocolat, sucre, poudre de lait écrémé, texturant : amidon, arômes, ferments lactiques sélectionnés, colorant naturel",milk,d,167.8,7.4,4.8,,20.0,5.3,0.0,,0.8
6111032002925,Danone nature,Danone,yogurt,Plain yogurts,ا المكونات حليب بدون قشدة، قشدة، مس رن الحليب بدون قشدة، مخثرات )نشويات(، نكهة، خمائرحليبية ل ليوغورت. م.د: %3 مصنوع خط قد بمكن أن يحتوي على الكلوتين، الجوز واللوز. منتوج حليبي م مزوج الوزن الصافي : 110غ. رقم الإعتماد الصحي LPL2113،0NS SA,,b,66.2,3.0,2.0,6.7,6.7,3.0,0.34125,,1.0
6111242102767,Yaourt tendre,Jaouda,yogurt,"Fruit yogurts, fr:Laitier","Lait frais, crème, sucre, poudre de lait écrémé, ferments lactiques, arôme, vitamines A et D3",milk,c,121.0,5.0,,14.9,14.9,4.2,0.0,,1.0
3168930010265,cruesly mélange de noix,Quaker,cereal,"Mueslis, Cereal clusters with nuts","_avoine_ complète (32%), _blé_ complet (18%), sirop de glucose, huile de tournesol, sucre, _amandes_ grillées (4,2%), _noisettes_ (4%), oligofructose, _noix de Pécan_ (1,5%), farine de _blé_, farine de riz, _noix du Brésil_ (1%), miel, arômes naturels, antioxydant (tocophérol).",gluten nuts fr avoine,b,462.0,19.0,2.0,57.0,12.0,8.5,0.0,10.0,1.0
06175700,Tartines craquantes au sarrasin imp,Ekibio,cereal,"Cereals and their products, Extruded crispbreads",Farine de sarrasin*. *issue de l'agriculture biologique. . riche en magnésium . ⚫ source de fibres ⚫ source de fer . ⚫ source de protéines (1) contient des sucres naturellement présents.,,a,388.0,2.8,0.6,75.0,2.6,13.4,0.68,4.4,1.0
3229820160672,Croustillant Chocolat,Bjorg,cereal,"Breakfast cereals rich in fibre, Cereal clusters with chocolate","Flocons d'avoine complète, Flocons de blé complet, Riz extrudé (farine de riz), Sucre de canne non raffiné, Chocolat noir (pâte de cacao, sucre de canne non raffiné, inuline), Farine de blé, Huile de tournesol, Miel, Stabilisant: gomme d'acacia, Mélasses, Flocons de noix de coco, Sel marin, Cannelle, Antioxydant: extrait riche en tocopherols. 

Peut contenir du lait, des fruits à coque, des graines de sésame et du soja. 

*Ingrédients biologiques.",gluten,c,431.666666666667,14.0,3.4,62.0,14.0,9.27,0.26,10.0,1.0
3760049791006,tartine de campagne,la Boulangère,tartine de campagne,"Pains de campagne, fr:Pain de mie de campagne","Farine de BLÉ* 57 %, eau, huile de colza, GLUTEN DE BLÉ, levure, semoule de BLÉ dur, levains de BLÉ dévitalisés, sel, arôme naturel (contient alcool), conservateur : propionate de calcium, farine de SEIGLE, farine d'ORGE maltée torréfiée, levure désactivée, farine de BLÉ malté torréfié, antioxydant : acide ascorbique. Traces éventuelles d'œufs, soja et lait.* Ingrédient issu du commerce équitable français.",gluten,c,272.0,6.5,0.5,43.0,2.6,8.9,1.2,3.9,1.0
3229820019307,Flocons d'avoine,BJORG,cereal,Rolled oats,Flocons d'_avoine_ complète issue de l'agriculture biologique.,gluten fr avoine fr avoine,a,363.333333333333,7.1,1.3,58.0,1.7,11.0,0.02,11.0,1.0
3229820129488,"Muesli Raisin, Figue, Abricot",Bjorg,muesli raisin,Mueslis with fruits,"Flocons d'avoine* complète, Flocons de blé* complet, Raisins 8% (raisins*, huile de tournesol*), Figues* séchées 8% (figues*, farine de riz*), Flocons d'épeautre* complet, Pétales de maïs*, Dattes* 4 % (dattes*, farine de riz*), Abricots* secs 3% (abricots*, farine de riz*), Graines de tournesol*, Pétales d'épeautre* complet, Graines de lin*, Graines de courge*.
 Peut contenir des traces de lait, de fruits à coque, de graines de sésame et de soja. *Ingrédients biologiques.",gluten,a,352.0,5.8,0.9,59.0,14.0,11.0,0.03,10.0,1.0
3387390123210,Chocapic,Nestlé,cereal,"Chocolate wheat shells, Unfilled breakfast chocolate cereals fortified with vitamins and chemical elements","Farine de BLÉ complet 37,5 %, farine de BLÉ 18,5 %, chocolat en poudre 18,1 % (sucre, cacao en poudre*), semoule de maïs, sirop de glucose, extrait de malt d'ORGE (ORGE, ORGE malté), huile de tournesol, carbonate de calcium, sucre, farine d'ORGE malté, émulsifiant : lécithines ; sel, arômes naturels, fer, vitamines B3, B5, D, B6, B1, B2, B9. Peut contenir du LAIT et des FRUITS À COQUE.",gluten,b,384.0,4.4,1.1,73.8,19.9,8.5,0.2,7.7,0.9
5010477348678,Special Muesli 30% fruits & noix,Jordans,special muesli 30 fruits noix,Mueslis with fruits,"Céréales complètes (59%) (flocons d'_avoine_, flocons de _blé_, flocons de _blé_ grillés), fruits secs (30%)  (raisins secs, raisins de sultanine, abricots secs hachés, tranches de pommes séchées, éclats de noix de coco grillés, noix_noisettes_ hachées grillées, _amandes_ effilées), flocons d'_orge_, graines de tournesol.",gluten nuts fr avoine fr avoine,a,360.0,7.2,2.0,60.0,17.0,10.0,0.03,8.8,1.0
3250391418107,SAINT ELOI riz complet cuisson 10 mn étui 500gr,Saint Eloi,rice,"Brown rices, fr:Autres produits",Riz long grain complet étuvé de qualité supérieure,gluten,b,357.0,2.6,0.4,74.5,0.0,7.7,0.01,2.5,1.0
5018095004341,Spanish Style Grains,Merchant Gourmet,rice,"Rice dishes, Rices","Cooked Wholegrain Brown Rice (41%) (Water, Wholegrain Brown Rice), Cooked Wheatberries (22%) (Water, Wheatberries), Cooked Black Barley (14%) (Water, Barley), Tomato Paprika Paste (9%) (Water, Tomato Purée, Glucose Syrup, Salt, Yeast Extract, Ground Paprika, Paprika Flakes, Red Pepper Concentrate, Rapeseed Oil, Smoked Paprika), Red Pepper (8%), Onion (4%), Olive Oil.",gluten,c,167.0,1.9,0.5,31.0,1.4,4.8,1.2,4.3,1.0
3487400006967,Riz aux Champignons de Paris,BEN'S ORIGINAL,rice,"Frozen foods, Rice dishes, Rices","Riz long grain étuvé à la vapeur (84%), champignons (champignons de Paris) (8.0%), arôme naturel, huile de tournesol, champignon boletus luteus, oignons en poudre, sel, extrait de levure, ail en poudre, herbes, acidifiant (acide citrique), épice.",,b,157.0,2.1,0.2,30.0,0.5,3.4,0.59,1.4,1.0
3560070837984,Basmati,Carrefour,rice,White Basmati rices,Riz Basmati long grain.,,c,349.0,1.0,0.4,76.0,0.5,8.3,0.03,1.2,1.0
3560070393619,Riz Basmati,Carrefour BIO,rice,White Basmati rices,"Riz basmati long grain de qualité supérieure issu de l'agriculture biologique. Peut contenir des traces de gluten, soja, sésame.",,b,351.0,0.6,0.2,78.0,0.5,7.5,0.01,1.9,1.0
3760341070601,Taureau aile doypack basmati nature 220g,Taureau Ailé,rice,White Basmati rices,"Riz basmati précuit à la vapeur 98 %, huile de son de riz, émulsifiant : lécithine de tournesol. Conditionné sous atmosphère protectrice",,b,146.988527724665,1.7,0.4,29.0,0.0,2.9,0.02,1.2,1.0
5410673008015,Riz Complet Grain Extra-Tendre,Ben's Original,rice,Brown rices,Riz complet étuvé.,,b,,,,,,,,,1.0
5410673008053,Riz long grain,Ben's,rice,Long grain rices,Riz long grain étuvé,,b,352.0,1.12,0.16,76.8,0.8,7.36,0.016,1.76,1.0
3229820762692,TOFU NATURE,BJORG,tofu,Plain tofu,"water, soy beans * non-gmo (32%), agent of coagulation, with : magnesium chloride (nigari), calcium sulfate,",soybeans,a,151.0,8.5,1.6,1.3,0.5,17.0,0.04,0.7,1.0
3229820794112,Tofu fumé,Bjorg,tofu,Smoked tofu,"tofu 96% (water, soybeans*, gelling agents (magnesium chloride (nigari))), soy sauce (water, soybeans*, salt, aspergillus oryzae)",soybeans,a,139.0,7.7,1.4,1.0,0.5,15.0,0.59,2.7,1.0
4012359144003,Filets de tofu à la japonaise,Taifun,tofu,"Meat analogues, tofu","Tofu* 94% (graines de soja* 55%, eau, agents de coagulation : chlorure de magnésium, sulfate de calcium), huile de tournesol*, bouillon de légumes (sel marin, extrait de levure*, huile de tournesol*, poireaux*, carottes*, céleri*, macis*, noix de muscade*, persil*), jus de citron concentré*.",celery soybeans,b,202.0,13.0,2.0,2.4,0.3,19.0,1.38,,1.0
4012359144102,Tofu à l'Ail des Ours,Taifun,tofu,tofu,"Tofu* 85% (graines de sola 55%, eau, agents de coagulation: chlorure de magnésium, sulfate de calcium), huile de tournesol, ail des ours* 5%, oignons, bouillon de légumes (sel marin, extrait de levure*, huile de tournesol*, poireaux, carottes, céleri&quot;, macis*, noix de muscade&quot;, persil&quot;), jus de citron concentré*, gingembre*. issus de l'agriculture biologique",celery sesame seeds soybeans,e,220.0,15.0,1.5,1.6,0.7,19.0,4.5,,0.9
4012359010278,Tofu à la Japonaise,Taifun,tofu,"Meat analogues, tofu","Tofu* 94% (graines de soja* 55%, eau, agents de coagulation: chlorure de magné - sium, sulfate de calcium), huile de tournesol*, bouillon de légumes* (sel marin, extrait de levure*, huile de tournesol*, poireaux*, carottes*, céleri*, macis*, noix de muscade*, persil*), jus de citron concentré*.
* issus de l'agriculture biologique.",celery soybeans,b,205.0,13.0,2.0,2.4,0.5,19.0,1.4,,1.0
3175681292857,"Tofu cuisiné tomate, Mozzarella et basilic",Céréal Bio,cheese,tofu,"Tofu 76,9% (eau, soja, agents de coagulation: sulfate de calcium, nigari), farine de blé, mozzarella  7,7%, tomates confites 5,3% (tomates, huile d'olive vierge extra, vinaigre&quot;), concentré de tomates 4,1%, graines de courge 3,6%, basilic 2,1%, chapelure (blé), sel de mer, ail, thym, poivre.",gluten milk soybeans,a,200.0,12.0,2.4,6.2,1.9,14.0,0.9,5.6,1.0
3175681292840,Tofu cuisiné pesto et graines de courges,CÉRÉAL BIO,tofu,"Meat analogues, tofu","Tofu 85,2% (eau, soja, agents de coagulation : sulfate de calcium, nigari), farine de blé, sauce pesto 8% (basilic, huile d'olive vierge extra, noix de cajou, jus de citron, fromage Parmigiano Reggiano AOP 0,3%, ail, sel, poivre), graines de courge 3,7%, basilic 2,7%, chapelure (blé), sel de mer, ail, épices",gluten milk nuts soybeans,a,199.0,12.0,2.0,6.3,1.9,14.0,0.58,4.0,1.0
4012359010292,Tofu à l’ail des ours,Taifun,tofu,Marinated tofu,"Tofu* 83% (graines de soja* 55%, eau, agents de coagulation: chlorure de magnésium, sulfate de calcium), pesto à l'ail des ours* 7,8% (ail des ours* 6,1%, huile de tournesol*, sel marin), huile de tournesol*, bouillon de légumes* (sel marin, ex - trait de levure*, huile de tournesol*, poireaux*, ca - rottes*, céleri*, macis*, noix de muscade*, persil*), oignons*, jus de citron concentré*, gingembre*. *issus de l'agriculture biologique Peut contenir des traces de gluten, fruits à coque moutarde e",celery gluten soybeans,d,136.532026768642,15.0,1.5,1.6,0.7,19.0,1.8,,0.9
8710522922019,Ketchup 5 Ingrédients,Amora,ketchup 5 ingredient,"Shelf-stable other sauces, Tomato Ketchup, fr:Groceries","tomatoes (78,1%), alcohol vinegar (11%), sugar (10%), salt (0,8%), spice extract (0,1%)",,c,74.0,0.5,0.1,15.0,14.0,1.5,0.88,0.7,1.0
8715700421353,Tomato ketchup,Heinz,tomato ketchup,"Ketchup, Groceries","Pomodori (148 g per 100 g Tomato Ketchup), aceto di alcool, zucchero, sale, estratti di spezie ed erbe aromatiche (contiene sedano), spezie.",celery,d,102.0,0.1,0.1,23.2,22.8,1.2,1.8,,0.6000000000000001
8076809513388,Arrabbiata,Barilla,arrabbiata,"Arrabbiata sauces, Cooking Sauces","Polpa di pomodoro 70%, concentrato di pomodoro 13%, cipolla, olio di girasole, peperoni rossi 2%, aglio, prezzemolo, sale, zucchero, peperoncino 0,1%, aroma naturale",,a,60.0,3.1,0.3,5.5,5.0,1.4,1.0,2.2,1.0
8712100751370,Amora Ketchup Flacon Souple Tête en bas 550g,Amora,amora ketchup flacon souple tete en bas 550g,"Ketchup, Shelf-stable other sauces","Tomates, sucre, vinaigre d'alcool, sel, arômes naturels, épices",,d,99.0,0.5,0.1,22.0,21.0,1.2,2.0,0.5,0.6000000000000001
6111250472241,Bol Bol Ketchup,Bol&Bol,bol bol ketchup,Ketchup,"Eau, sucre, concentré de tomate, vinaigre de table, amidon de pomme de terre modifié, sel et arôme.",,e,122.0,0.1,,28.0,25.0,1.0,3.5,,0.6000000000000001
8715700112596,"Ketchup zéro sel ajouré, 70% moins de sucres",Heinz,ketchup zero sel ajoure,Ketchup,"tomatoes (200g per 100g of tomato ketchup), spirit vinegar, lemon juice concentrate, potassium chloride, acidifier (malic acid), citrus fibre, spice and herb extracts (contains  celery), sweetener (sucralose),",celery,a,44.0,0.1,,5.4,4.4,1.6,0.05,,1.0
87157635,Tomato Ketchup,Heinz,tomato ketchup,"Ketchup, groceries","Tomates (148 g pour 100 g de Tomato Ketchup), vinaigre, sucre, sel, extraits d'épices et d'herbes (contiennent du _céleri_), épice,",celery,d,102.0,0.1,0.1,23.2,22.8,1.2,1.77,,0.6000000000000001
8722700113348,Amora,Amora,amora,"Ketchup, Shelf-stable other sauces, Groceries","tomato ketchup, ingredients: tomatoes (151 g tomatoes per 100 g ketchup), sugar, spirit vinegar, salt, natural flavourings, spices, 'tomatoes from sustainable farming, average nutritional values per 100 g, per 15 g serving, %*/ 15 g, energy value: 414 kj/",,d,99.0,0.5,0.1,22.0,21.0,1.2,2.0,0.5,0.6000000000000001
4056489903680,Cannellini Beans,Freshona,beans,"Canned legumes, White beans, Beans","Cannellini Beans, Water, Firming Agent: Calcium Chloride, Antioxidant: Sodium Metabisulphite.",,a,104.0,0.7,0.1,13.8,0.6,6.9,0.02,7.5,1.0
4056489887812,Mixed Bean Salad in Vinaigrette,Freshona,beans,"Bean salad, Beans, Mixed-bean-salad","60% vegetables in variable proportions (Red kidney beans, black eye beans, borlotti beans, pea baby beans, baby green Lima beans, sweetcorn), water, 0.9% white wine vinegar, sugar, mustard powder, garlic powder, antioxidant: ascorbic acid, pepper, firming agent: calcium chloride, pepper extract, basil extract.",mustard,a,121.0,0.9,,18.8,2.1,8.5,0.1275,4.8,1.0
01642582,Red Kidney beans,Sainsbury's,beans,"Red beans, Beans","Organic Red Kidney Beans, Water",,b,98.0,0.7,0.2,11.1,0.5,8.2,0.02,7.1,1.0
5060430292883,One Pot Meal Texan Smoky BBQ Beans,BOL,beans,"Legumes, beans","Water, Cannellini Beans (18%), Black Turtle Beans (10%), Sweet Potato (6%), Tomatoes (Tomatoes, Acidity Regulator: Citric Acid), Red Kidney Beans, Lentils, Tomato Paste, Smoked Water, Cider Vinegar, Molasses, Garlic Puree, Smoked Paprika, Caramelised Carrot, Salt, Cornflour, Rapeseed Oil, Cumin, Parsley, Chilli Powder, Black Pepper.",,a,75.0,0.5,0.1,9.0,2.9,4.7,0.4,7.7,1.0
5000232902597,Reduced sugar and salt baked beans,Branston,tomato sauce,"Baked beans in tomato sauce, Beans","Beans (51%), Tomatoes (38%), Water, Sugar, Modified Maize Starch, Spirit Vinegar, Reduced Sodium Sea Salt, Salt, Paprika, White Pepper, Sweetener (Steviol Glycosides), Spices, Flavourings,",,a,85.0,0.5,0.1,12.5,2.8,5.0,0.39,5.1,1.0
4056489594260,Mildly spiced red kidney beans in chilli sauce,Freshona,beans,beans,"46% Red Kidney Beans, 43% Tomatoes, Water, Sugar, Modified Maize Starch, Chilli Powder, Salt, Ground Paprika, Ground Cumin, Ground Coriander, Ground Black Pepper, Dried Garlic, Onion Powder, Oregano, Sunflower Oil, Basil, Thyme, Flavouring. Heating Instructions The following are guidelines only. Some appliances may vary. Remove all packaging before heating. To microwave: Empty contents into a microwavable container, cover and vent. Microwave on full power for 3 minutes, stirring halfway through ",,a,77.0,0.7,0.1,10.8,3.7,4.5,0.41,4.9,1.0
4056489903659,Haricot Beans in Water,Freshona,beans,"Cooked haricot beans, Beans, Haricot beans in water","Haricot Beans, Water, Firming Agent: Calcium Chloride.",,b,92.0,0.7,0.2,10.7,0.6,6.5,0.02,8.3,1.0
8001440009907,Borlotti Italiani Lattina,Conserve Italia,beans,"Pulses, Canned common beans, Beans","fagioli, acqua, sale",,b,97.0,0.5,0.1,13.2,0.6,7.0,1.1,,1.0
